{"cameraMode":{"drawMode":0,"name":"Shaded","section":"Shading Mode"},"sceneLighting":true,"audioPlay":false,"sceneViewState":{"m_AlwaysRefresh":false,"showFog":true,"showSkybox":true,"showFlares":true,"showImageEffects":true,"showParticleSystems":true,"showVisualEffectGraphs":true,"m_FxEnabled":true},"in2DMode":false,"pivot":{"x":-1.0630735158920289,"y":-0.24999284744262696,"z":4.551050186157227},"rotation":{"x":0.21860747039318086,"y":-0.05997573584318161,"z":0.013456480577588082,"w":0.9738853573799133},"size":5.6955156326293949,"orthographic":false}